gt,sun,shade
A,9.370000000000001,11.91
B,35.07,37.18
C,26.479999999999997,27.21
D,10.4,11.18
E,7.6899999999999995,8.04
F,9.59,8.3
A,41.879999999999995,48.87
B,113.34,119.13999999999999
C,72.11,80.30999999999999
D,44.28,44.480000000000004
E,35.61,27.769999999999996
F,35.050000000000004,34.370000000000005
A,76.49,133.26
B,161.05,172.99
C,97.86000000000001,171.72000000000003
D,93.19,125.18
E,63.53,57.99
F,69.35,110.44
A,8.940000000000001,15.73
B,40.02,24.86
C,19.810000000000002,34.650000000000006
D,9.17,10.15
E,8.04,13.83
F,9.82,10.16
A,37.68,55.85000000000001
B,101.82,97.58000000000001
C,85.86999999999999,88.57
D,40.510000000000005,68.05
E,36.53,53.17
F,41.75,41.410000000000004
A,76.43,124.24
B,133.94,187.15
C,128.43,131.1
D,83.65,157.02
E,71.15,121.19
F,74.25,88.69
A,12.569999999999999,16.18
B,17.82,46.36
C,11.57,20.03
D,10.33,6.6
E,6.7700000000000005,11.479999999999999
F,6.98,11.569999999999999
A,40.69,54.529999999999994
B,88.03,141.06
C,53.4,99.57
D,43.589999999999996,33.690000000000005
E,41.540000000000006,55.86
F,20.64,53.120000000000005
A,67.12,107.26
B,147.93,207.69
C,84.03,192.48999999999998
D,87.11999999999999,124.28999999999999
E,82.33,148.85000000000002
F,34.03,137.92000000000002
A,11.83,11.44
B,30.659999999999997,39.24
C,18.46,32.76
D,5.13,5.710000000000001
E,8.58,12.97
F,11.149999999999999,15.030000000000001
A,41.91,43.55
B,103.97,129.85
C,86.21000000000001,90.7
D,30.759999999999998,42.949999999999996
E,37.580000000000005,50.18
F,39.239999999999995,60.95
A,78.31,131.55
B,162.43,224.01999999999998
C,139.35,160.86
D,85.03999999999999,160.78
E,97.13,117.09
F,73.33,138.57999999999998
A,8.74,10.81
B,24.470000000000002,25.919999999999998
C,19.4,28.04
D,3.6799999999999997,4.6899999999999995
E,7.46,10.61
F,7.92,7.66
A,37.36,41.6
B,88.18,98.57000000000001
C,92.04,100.47
D,24.119999999999997,40.66
E,31.770000000000003,53.4
F,30.320000000000004,42.75
A,78.27,122.31
B,129.03,183.25
C,144.72,218.20999999999998
D,45.44,106.1
E,58.160000000000004,135.39
F,72.36,100.19999999999999
A,10.309999999999999,9.53
B,13.27,21.040000000000003
C,21.39,21.849999999999998
D,5.3999999999999995,5.470000000000001
E,7.7,10.75
F,8.03,8.85
A,43.36,50.56
B,74.33000000000001,89.69999999999999
C,85.19999999999999,93.62
D,30.419999999999998,36.88
E,37.370000000000005,80.71000000000001
F,32.4,43.43
A,82.64,137.46
B,116.39999999999999,167.11
C,148.94,193.32
D,68.11,90.25
E,76.46,145.42
F,64.37,113.73
E,8.65,13.59
F,7.33,10.76
E,46.08,54.19
F,35.11,43.730000000000004
E,89.12,105.7
F,75.97,113.98
E,12.07,8.71
F,NA,14.93
E,47.74,43.75
F,NA,45.48
E,78.44,98.5
F,NA,126.94
E,6.12,13.489999999999998
F,NA,10.21
E,29.209999999999997,61.11
F,NA,43.870000000000005
E,62.93000000000001,140.74
F,NA,128.57
E,NA,13.36
F,NA,9.55
E,NA,66.44
F,NA,44.57
E,NA,131.35
F,NA,118.75999999999999
E,NA,12.76
F,NA,6.89
E,NA,55.84
F,NA,43.199999999999996
E,NA,121.61
F,NA,122.02000000000001
E,NA,6.430000000000001
F,NA,10.5
E,NA,33.49
F,NA,45.519999999999996
E,NA,98.94
F,NA,131.69
